{"cameraMode":{"drawMode":0,"name":"Shaded","section":"Shading Mode"},"sceneLighting":false,"audioPlay":false,"sceneViewState":{"showFog":false,"showMaterialUpdate":true,"showSkybox":false,"showFlares":true,"showImageEffects":true,"showParticleSystems":true},"in2DMode":false,"pivot":{"x":-12.502302169799805,"y":-4.524363040924072,"z":12.083847999572754},"rotation":{"x":-0.04594234749674797,"y":0.9336321353912354,"z":-0.33078503608703616,"w":-0.12966467440128327},"size":0.2206309735774994,"orthographic":false}