{"cameraMode":{"drawMode":0,"name":"Shaded","section":"Shading Mode"},"sceneLighting":true,"audioPlay":false,"sceneViewState":{"showFog":false,"showMaterialUpdate":true,"showSkybox":true,"showFlares":true,"showImageEffects":true,"showParticleSystems":true},"in2DMode":false,"pivot":{"x":-10.40275764465332,"y":-1.6843070983886719,"z":13.15134048461914},"rotation":{"x":0.04416096955537796,"y":0.9557799100875855,"z":-0.19953420758247376,"w":0.21152469515800477},"size":0.08558011054992676,"orthographic":false}