{"cameraMode":{"drawMode":0,"name":"Shaded","section":"Shading Mode"},"sceneLighting":true,"audioPlay":false,"sceneViewState":{"showFog":false,"showMaterialUpdate":true,"showSkybox":true,"showFlares":true,"showImageEffects":true,"showParticleSystems":true},"in2DMode":false,"pivot":{"x":-10.853464126586914,"y":-5.527863502502441,"z":6.932181358337402},"rotation":{"x":-0.003072381252422929,"y":0.9817233681678772,"z":-0.1896291822195053,"w":-0.015904106199741365},"size":4.56592321395874,"orthographic":false}