{"cameraMode":{"drawMode":0,"name":"Shaded","section":"Shading Mode"},"sceneLighting":false,"audioPlay":false,"sceneViewState":{"showFog":false,"showMaterialUpdate":true,"showSkybox":false,"showFlares":true,"showImageEffects":true,"showParticleSystems":true},"in2DMode":false,"pivot":{"x":0.000021956628188490868,"y":0.00003479071892797947,"z":-0.00017877807840704918},"rotation":{"x":-0.04594234749674797,"y":0.9336321353912354,"z":-0.33078503608703616,"w":-0.12966467440128327},"size":0.0046719517558813099,"orthographic":false}