{"cameraMode":{"drawMode":0,"name":"Shaded","section":"Shading Mode"},"sceneLighting":false,"audioPlay":false,"sceneViewState":{"showFog":false,"showMaterialUpdate":true,"showSkybox":false,"showFlares":true,"showImageEffects":true,"showParticleSystems":true},"in2DMode":false,"pivot":{"x":-0.003453128971159458,"y":-0.00014230539090931416,"z":-0.00002844387199729681},"rotation":{"x":-0.04594234749674797,"y":0.9336321353912354,"z":-0.33078503608703616,"w":-0.12966467440128327},"size":0.004620885942131281,"orthographic":false}