{"cameraMode":{"drawMode":0,"name":"Shaded","section":"Shading Mode"},"sceneLighting":true,"audioPlay":false,"sceneViewState":{"showFog":false,"showMaterialUpdate":true,"showSkybox":true,"showFlares":true,"showImageEffects":true,"showParticleSystems":true},"in2DMode":false,"pivot":{"x":-9.732088088989258,"y":-6.07216739654541,"z":-2.5727405548095705},"rotation":{"x":-0.0819791778922081,"y":0.9157021641731262,"z":-0.24193988740444184,"w":-0.3102774918079376},"size":11.27077865600586,"orthographic":false}