{"cameraMode":{"drawMode":0,"name":"Shaded","section":"Shading Mode"},"sceneLighting":true,"audioPlay":false,"sceneViewState":{"showFog":false,"showMaterialUpdate":true,"showSkybox":true,"showFlares":true,"showImageEffects":true,"showParticleSystems":true},"in2DMode":false,"pivot":{"x":-10.337311744689942,"y":-4.414675235748291,"z":10.418956756591797},"rotation":{"x":-0.029151592403650285,"y":0.9482578039169312,"z":-0.3027074337005615,"w":-0.0913127139210701},"size":0.9727322459220886,"orthographic":false}